{"m_nameObject":"Archer Girl v1.6","m_positionCharacter":{"x":7.150606632232666,"y":0.04500007629394531,"z":-6.263619422912598},"m_rotationCharacter":{"x":0.0,"y":-0.0965190902352333,"z":0.0,"w":-0.9953311681747437}}