{"m_nameObject":"Archer Girl v1.6","m_positionCharacter":{"x":-9.682247161865235,"y":0.04500007629394531,"z":-4.854185104370117},"m_rotationCharacter":{"x":0.0,"y":0.7925359010696411,"z":0.0,"w":-0.6098253130912781}}